<?xml version="1.0" encoding="UTF-8"?>
<!DOCTYPE hibernate-mapping PUBLIC 
    "-//Hibernate/Hibernate Mapping DTD 3.0//EN"
    "http://hibernate.sourceforge.net/hibernate-mapping-3.0.dtd">
<hibernate-mapping>
  <class name="com.cts.entities.Customer" table="Single_Customer" discriminator-value="customerobj">
	   <id name="customerid" type="int" column="customerid" >
	   <generator class="identity"/>
	  </id>
     <discriminator type="string" column="ObjectName"/>
	  <property name="name">
		 <column name="name" />
	  </property>
	
	<subclass name="com.cts.entities.NewCustomer" discriminator-value="newcustomerobj"></subclass>
	<subclass name="com.cts.entities.ExistingCustomer" discriminator-value="existingcustomerobj">
	<property name="points" column="points"></property>
	</subclass>
   </class>  

</hibernate-mapping>